time,linear_x,angular_z
0.000000,0.000000,1.000000
0.008189,0.000000,0.000000
0.063380,0.000000,-1.000000
0.066745,0.000000,0.000000
0.085674,0.000000,-1.000000
0.089036,0.000000,0.000000
0.110780,0.000000,-1.000000
0.113800,0.000000,0.000000
0.132402,0.000000,-1.000000
0.135709,0.000000,0.000000
0.188711,0.000000,1.000000
0.192825,0.000000,0.000000
1.720315,0.000000,0.000000
1.730262,0.000000,0.000000
1.730858,0.000000,0.000000
1.731529,0.000000,0.000000
1.732089,0.000000,0.000000
1.732677,0.000000,0.000000
1.733244,0.000000,0.000000
1.733853,0.000000,0.000000
1.734449,0.000000,0.000000
1.735050,0.000000,0.000000
1.735664,0.000000,0.000000
1.736252,0.000000,0.000000
1.736856,0.000000,0.000000
1.737522,0.000000,0.000000
1.743167,0.000000,0.000000
1.764299,-0.500000,0.000000
1.786228,-0.500000,0.000000
1.796173,-0.500000,0.000000
1.796784,-0.500000,0.000000
1.797437,-0.500000,0.000000
1.798054,-0.500000,0.000000
1.798637,-0.500000,0.000000
1.799184,-0.500000,0.000000
1.799785,-0.500000,0.000000
1.800383,-0.500000,0.000000
1.800980,-0.500000,0.000000
1.801640,-0.500000,0.000000
1.802190,-0.500000,0.000000
1.802785,-0.500000,0.000000
1.803432,-0.500000,0.000000
1.804027,-0.500000,0.000000
1.804629,-0.500000,0.000000
1.805205,-0.500000,0.000000
1.805787,-0.500000,0.000000
1.806378,-0.500000,0.000000
1.806978,-0.500000,0.000000
1.807614,-0.500000,0.000000
1.808199,-0.500000,0.000000
1.808798,-0.500000,0.000000
1.809427,-0.500000,0.000000
1.809668,-0.500000,-1.000000
1.819691,-0.500000,-1.000000
1.820270,-0.500000,-1.000000
1.820885,-0.500000,-1.000000
1.821471,-0.500000,-1.000000
1.822107,-0.500000,-1.000000
1.822650,-0.500000,-1.000000
1.823404,-0.500000,-1.000000
1.823949,-0.500000,-1.000000
1.824647,-0.500000,-1.000000
1.852845,-0.500000,-1.000000
1.862847,-0.500000,-1.000000
1.863529,-0.500000,-1.000000
1.864095,-0.500000,-1.000000
1.864675,-0.500000,-1.000000
1.865241,-0.500000,-1.000000
1.865838,-0.500000,-1.000000
1.866452,-0.500000,-1.000000
1.867050,-0.500000,-1.000000
1.867666,-0.500000,-1.000000
1.868284,-0.500000,-1.000000
1.868851,-0.500000,-1.000000
1.869538,-0.500000,-1.000000
1.870130,-0.500000,-1.000000
1.870654,-0.500000,-1.000000
1.871263,-0.500000,-1.000000
1.871839,-0.500000,-1.000000
1.872478,-0.500000,-1.000000
1.873056,-0.500000,-1.000000
1.873653,-0.500000,-1.000000
1.874251,-0.500000,-1.000000
1.874850,-0.500000,-1.000000
1.875505,-0.500000,-1.000000
1.876099,-0.500000,-1.000000
1.876656,-0.500000,-1.000000
1.877289,-0.500000,-1.000000
1.877854,-0.500000,-1.000000
1.878461,-0.500000,-1.000000
1.879056,-0.500000,-1.000000
1.879654,-0.500000,-1.000000
1.880250,-0.500000,-1.000000
1.880843,-0.500000,-1.000000
1.881526,-0.500000,-1.000000
1.882122,-0.500000,-1.000000
1.882650,-0.500000,-1.000000
1.883308,-0.500000,-1.000000
1.883843,-0.500000,-1.000000
1.884508,-0.500000,-1.000000
1.885074,-0.500000,-1.000000
1.885607,-0.500000,-1.000000
1.886246,-0.500000,-1.000000
1.886837,-0.500000,-1.000000
1.887461,-0.500000,-1.000000
1.888127,-0.500000,-1.000000
1.888670,-0.500000,-1.000000
1.889273,-0.500000,-1.000000
1.889848,-0.500000,-1.000000
1.890533,-0.500000,-1.000000
1.891129,-0.500000,-1.000000
1.891618,-0.500000,-1.000000
1.921852,-0.500000,0.000000
1.931873,-0.500000,0.000000
1.932457,-0.500000,0.000000
1.933042,-0.500000,0.000000
1.933643,-0.500000,0.000000
1.934262,-0.500000,0.000000
1.934854,-0.500000,0.000000
1.935494,-0.500000,0.000000
1.936099,-0.500000,0.000000
1.936651,-0.500000,0.000000
1.937263,-0.500000,0.000000
1.937855,-0.500000,0.000000
1.938455,-0.500000,0.000000
1.939050,-0.500000,0.000000
1.939652,-0.500000,0.000000
1.940250,-0.500000,0.000000
1.940848,-0.500000,0.000000
1.941515,-0.500000,0.000000
1.942103,-0.500000,0.000000
1.942640,-0.500000,0.000000
1.943295,-0.500000,0.000000
1.943918,-0.500000,0.000000
1.944450,-0.500000,0.000000
1.945106,-0.500000,0.000000
1.945664,-0.500000,0.000000
1.946262,-0.500000,0.000000
1.946856,-0.500000,0.000000
1.947501,-0.500000,0.000000
1.948093,-0.500000,0.000000
1.948659,-0.500000,0.000000
1.949301,-0.500000,0.000000
1.949917,-0.500000,0.000000
1.950502,-0.500000,0.000000
1.951116,-0.500000,0.000000
1.951662,-0.500000,0.000000
1.952265,-0.500000,0.000000
1.952901,-0.500000,0.000000
1.953492,-0.500000,0.000000
1.954149,-0.500000,0.000000
1.954698,-0.500000,0.000000
1.955318,-0.500000,0.000000
1.955903,-0.500000,0.000000
1.956598,-0.500000,0.000000
1.957116,-0.500000,0.000000
1.957655,-0.500000,0.000000
1.958251,-0.500000,0.000000
1.958843,-0.500000,0.000000
1.959464,-0.500000,0.000000
1.960042,-0.500000,0.000000
1.960668,-0.500000,0.000000
1.961278,-0.500000,0.000000
1.961848,-0.500000,0.000000
1.962493,-0.500000,0.000000
1.963082,-0.500000,0.000000
1.963635,-0.500000,0.000000
1.964262,-0.500000,0.000000
1.964857,-0.500000,0.000000
1.965481,-0.500000,0.000000
1.966050,-0.500000,0.000000
1.966644,-0.500000,0.000000
1.967283,-0.500000,0.000000
1.967853,-0.500000,0.000000
1.968469,-0.500000,0.000000
1.969102,-0.500000,0.000000
1.969637,-0.500000,0.000000
1.970283,-0.500000,0.000000
1.970865,-0.500000,0.000000
1.971481,-0.500000,0.000000
1.972050,-0.500000,0.000000
1.972652,-0.500000,0.000000
1.973249,-0.500000,0.000000
1.973849,-0.500000,0.000000
1.974508,-0.500000,0.000000
1.975097,-0.500000,0.000000
1.975635,-0.500000,0.000000
1.976267,-0.500000,0.000000
1.976856,-0.500000,0.000000
1.977524,-0.500000,0.000000
1.978116,-0.500000,0.000000
1.978654,-0.500000,0.000000
1.979250,-0.500000,0.000000
1.979841,-0.500000,0.000000
1.980546,-0.500000,0.000000
1.981113,-0.500000,0.000000
1.981657,-0.500000,0.000000
1.982315,-0.500000,0.000000
1.982893,-0.500000,0.000000
1.983535,-0.500000,0.000000
1.984074,-0.500000,0.000000
1.984653,-0.500000,0.000000
1.985255,-0.500000,0.000000
1.985846,-0.500000,0.000000
1.986420,-0.500000,0.000000
1.987087,-0.500000,0.000000
1.987629,-0.500000,0.000000
1.988264,-0.500000,0.000000
1.988884,-0.500000,0.000000
1.989508,-0.500000,0.000000
1.990100,-0.500000,0.000000
1.990657,-0.500000,0.000000
1.991254,-0.500000,0.000000
1.991842,-0.500000,0.000000
1.992469,-0.500000,0.000000
1.993051,-0.500000,0.000000
1.993663,-0.500000,0.000000
1.994259,-0.500000,0.000000
1.994843,-0.500000,0.000000
1.995550,-0.500000,0.000000
1.996081,-0.500000,0.000000
1.996640,-0.500000,0.000000
1.997286,-0.500000,0.000000
1.997888,-0.500000,0.000000
1.998466,-0.500000,0.000000
1.999049,-0.500000,0.000000
1.999631,-0.500000,0.000000
2.000292,-0.500000,0.000000
2.000856,-0.500000,0.000000
2.001495,-0.500000,0.000000
2.002100,-0.500000,0.000000
2.002629,-0.500000,0.000000
2.003307,-0.500000,0.000000
2.003847,-0.500000,0.000000
2.004514,-0.500000,0.000000
2.005051,-0.500000,0.000000
2.005671,-0.500000,0.000000
2.006250,-0.500000,0.000000
2.006847,-0.500000,0.000000
2.007498,-0.500000,0.000000
2.008100,-0.500000,0.000000
2.008659,-0.500000,0.000000
2.009283,-0.500000,0.000000
2.009898,-0.500000,0.000000
2.010500,-0.500000,0.000000
2.011105,-0.500000,0.000000
2.011655,-0.500000,0.000000
2.012251,-0.500000,0.000000
2.012844,-0.500000,0.000000
2.013490,-0.500000,0.000000
2.014077,-0.500000,0.000000
2.014634,-0.500000,0.000000
2.015267,-0.500000,0.000000
2.015886,-0.500000,0.000000
2.016510,-0.500000,0.000000
2.017231,-0.500000,0.000000
2.017716,-0.500000,0.000000
2.018246,-0.500000,0.000000
2.018863,-0.500000,0.000000
2.019460,-0.500000,0.000000
2.020102,-0.500000,0.000000
2.020661,-0.500000,0.000000
2.021266,-0.500000,0.000000
2.021838,-0.500000,0.000000
2.022505,-0.500000,0.000000
2.023086,-0.500000,0.000000
2.023631,-0.500000,0.000000
2.024259,-0.500000,0.000000
2.024851,-0.500000,0.000000
2.025449,-0.500000,0.000000
2.026051,-0.500000,0.000000
2.026652,-0.500000,0.000000
2.027267,-0.500000,0.000000
2.027856,-0.500000,0.000000
2.028497,-0.500000,0.000000
2.029112,-0.500000,0.000000
2.029665,-0.500000,0.000000
2.030262,-0.500000,0.000000
2.030854,-0.500000,0.000000
2.031449,-0.500000,0.000000
2.032050,-0.500000,0.000000
2.032636,-0.500000,0.000000
2.033288,-0.500000,0.000000
2.033873,-0.500000,0.000000
2.034515,-0.500000,0.000000
2.035110,-0.500000,0.000000
2.163324,0.500000,0.000000
2.202666,0.500000,1.000000
2.212676,0.500000,1.000000
2.213360,0.500000,1.000000
2.213925,0.500000,1.000000
2.214516,0.500000,1.000000
2.215096,0.500000,1.000000
2.215656,0.500000,1.000000
2.216274,0.500000,1.000000
2.216876,0.500000,1.000000
2.217585,0.500000,1.000000
2.218093,0.500000,1.000000
2.218669,0.500000,1.000000
2.219275,0.500000,1.000000
2.219880,0.500000,1.000000
2.220518,0.500000,1.000000
2.221093,0.500000,1.000000
2.221652,0.500000,1.000000
2.222270,0.500000,1.000000
2.222864,0.500000,1.000000
2.223483,0.500000,1.000000
2.224050,0.500000,1.000000
2.224670,0.500000,1.000000
2.225288,0.500000,1.000000
2.225868,0.500000,1.000000
2.226505,0.500000,1.000000
2.227079,0.500000,1.000000
2.227669,0.500000,1.000000
2.228263,0.500000,1.000000
2.228857,0.500000,1.000000
2.229476,0.500000,1.000000
2.230052,0.500000,1.000000
2.230640,0.500000,1.000000
2.231272,0.500000,1.000000
2.231863,0.500000,1.000000
2.232529,0.500000,1.000000
2.233123,0.500000,1.000000
2.233658,0.500000,1.000000
2.234313,0.500000,1.000000
2.234915,0.500000,1.000000
2.270983,0.000000,-1.000000
2.280988,0.000000,-1.000000
2.281589,0.000000,-1.000000
2.282184,0.000000,-1.000000
2.282765,0.000000,-1.000000
2.283428,0.000000,-1.000000
2.284064,0.000000,-1.000000
2.284675,0.000000,-1.000000
2.285210,0.000000,-1.000000
2.285811,0.000000,-1.000000
2.286466,0.000000,-1.000000
2.287063,0.000000,-1.000000
2.287585,0.000000,-1.000000
2.288179,0.000000,-1.000000
2.344467,-0.500000,0.000000
2.354472,-0.500000,0.000000
2.355021,-0.500000,0.000000
2.355661,-0.500000,0.000000
2.356186,-0.500000,0.000000
2.356785,-0.500000,0.000000
2.357378,-0.500000,0.000000
2.358023,-0.500000,0.000000
2.358676,-0.500000,0.000000
2.359226,-0.500000,0.000000
2.359787,-0.500000,0.000000
2.360458,-0.500000,0.000000
2.361067,-0.500000,0.000000
2.361658,-0.500000,0.000000
2.362254,-0.500000,0.000000
2.362786,-0.500000,0.000000
2.363380,-0.500000,0.000000
2.363997,-0.500000,0.000000
2.364644,-0.500000,0.000000
2.365187,-0.500000,0.000000
2.365784,-0.500000,0.000000
2.366459,-0.500000,0.000000
2.367088,-0.500000,0.000000
2.367656,-0.500000,0.000000
2.368210,-0.500000,0.000000
2.368797,-0.500000,0.000000
2.369387,-0.500000,0.000000
2.369983,-0.500000,0.000000
2.370583,-0.500000,0.000000
2.371167,-0.500000,0.000000
2.371762,-0.500000,0.000000
2.372470,-0.500000,0.000000
2.373093,-0.500000,0.000000
2.373649,-0.500000,0.000000
2.374189,-0.500000,0.000000
2.374785,-0.500000,0.000000
2.375464,-0.500000,0.000000
2.375993,-0.500000,0.000000
2.376595,-0.500000,0.000000
2.377192,-0.500000,0.000000
2.377764,-0.500000,0.000000
2.378439,-0.500000,0.000000
2.379082,-0.500000,0.000000
2.379630,-0.500000,0.000000
2.380224,-0.500000,0.000000
2.380804,-0.500000,0.000000
2.381459,-0.500000,0.000000
2.382081,-0.500000,0.000000
2.382579,-0.500000,0.000000
2.383185,-0.500000,0.000000
2.383785,-0.500000,0.000000
2.384422,-0.500000,0.000000
2.385039,-0.500000,0.000000
2.385653,-0.500000,0.000000
2.386205,-0.500000,0.000000
2.386794,-0.500000,0.000000
2.387463,-0.500000,0.000000
2.681734,0.500000,0.000000
2.708205,0.500000,0.000000
2.711935,0.500000,1.000000
2.736919,0.500000,1.000000
2.746213,0.500000,0.000000
2.781395,0.500000,0.000000
2.791350,0.500000,0.000000
2.791967,0.500000,0.000000
2.795725,0.000000,1.000000
2.821215,0.500000,0.000000
2.832476,0.000000,1.000000
2.849782,0.500000,0.000000
2.871589,0.000000,1.000000
2.877924,0.000000,0.000000
2.907107,-0.500000,0.000000
2.955544,0.000000,-1.000000
2.997506,-0.500000,0.000000
3.833117,0.000000,1.000000
3.843146,0.000000,0.000000
3.990296,0.000000,1.000000
3.994365,0.000000,0.000000
4.148548,-0.500000,0.000000
4.153202,0.000000,0.000000
4.172681,-0.500000,0.000000
4.176095,0.000000,0.000000
4.190217,-0.500000,0.000000
4.194383,0.000000,0.000000
4.836707,0.500000,0.000000
4.849940,0.000000,0.000000
5.236571,-0.500000,0.000000
5.244197,0.000000,0.000000
5.504278,0.500000,0.000000
5.528009,0.000000,0.000000
5.716624,-0.500000,0.000000
5.726633,0.000000,0.000000
5.913760,-0.500000,0.000000
5.917430,0.000000,0.000000
5.972637,-0.500000,0.000000
5.984624,0.000000,0.000000
6.493601,-0.500000,0.000000
7.187074,0.000000,1.000000
7.197052,0.000000,1.000000
7.197632,0.000000,1.000000
7.213052,0.000000,-1.000000
7.223112,0.000000,-1.000000
7.223643,0.000000,-1.000000
7.224259,0.000000,-1.000000
7.224848,0.000000,-1.000000
7.225542,0.000000,-1.000000
7.226114,0.000000,-1.000000
7.226661,0.000000,-1.000000
7.227304,0.000000,-1.000000
7.227855,0.000000,-1.000000
7.228492,0.000000,-1.000000
7.229128,0.000000,-1.000000
7.229652,0.000000,-1.000000
7.230249,0.000000,-1.000000
7.230865,0.000000,-1.000000
7.231460,0.000000,-1.000000
7.232081,0.000000,-1.000000
7.232658,0.000000,-1.000000
7.233287,0.000000,-1.000000
7.233906,0.000000,-1.000000
7.234518,0.000000,-1.000000
7.235118,0.000000,-1.000000
7.235653,0.000000,-1.000000
7.236250,0.000000,-1.000000
7.236862,0.000000,-1.000000
7.237454,0.000000,-1.000000
7.238036,0.000000,-1.000000
7.238666,0.000000,-1.000000
7.239274,0.000000,-1.000000
7.239865,0.000000,-1.000000
7.240545,0.000000,-1.000000
7.241108,0.000000,-1.000000
7.241666,0.000000,-1.000000
7.242261,0.000000,-1.000000
7.242853,0.000000,-1.000000
7.243472,0.000000,-1.000000
7.244052,0.000000,-1.000000
7.244659,0.000000,-1.000000
7.245271,0.000000,-1.000000
7.245896,0.000000,-1.000000
7.246530,0.000000,-1.000000
7.247124,0.000000,-1.000000
7.247655,0.000000,-1.000000
7.248330,0.000000,-1.000000
7.248911,0.000000,-1.000000
7.249463,0.000000,-1.000000
7.250050,0.000000,-1.000000
7.250670,0.000000,-1.000000
7.251256,0.000000,-1.000000
7.251859,0.000000,-1.000000
7.252550,0.000000,-1.000000
7.253124,0.000000,-1.000000
7.253640,0.000000,-1.000000
7.254302,0.000000,-1.000000
7.254923,0.000000,-1.000000
7.255523,0.000000,-1.000000
7.256141,0.000000,-1.000000
7.256654,0.000000,-1.000000
7.257256,0.000000,-1.000000
7.257865,0.000000,-1.000000
7.258489,0.000000,-1.000000
7.259091,0.000000,-1.000000
7.259655,0.000000,-1.000000
7.260301,0.000000,-1.000000
7.260857,0.000000,-1.000000
7.261501,0.000000,-1.000000
7.262097,0.000000,-1.000000
7.262656,0.000000,-1.000000
7.263288,0.000000,-1.000000
7.268839,0.000000,-1.000000
7.277800,0.000000,-1.000000
7.297762,0.000000,0.000000
7.405662,0.500000,0.000000
7.414716,0.000000,1.000000
7.436038,0.000000,-1.000000
7.441327,0.500000,0.000000
7.460938,0.000000,-1.000000
7.470674,0.000000,-1.000000
7.480191,0.000000,-1.000000
7.491393,0.500000,0.000000
7.499412,0.500000,0.000000
7.509348,0.500000,0.000000
7.517393,0.500000,0.000000
7.523076,0.500000,0.000000
7.533045,0.500000,0.000000
7.533670,0.500000,0.000000
7.534240,0.500000,0.000000
7.534820,0.500000,0.000000
7.535461,0.500000,0.000000
7.536083,0.500000,0.000000
7.536670,0.500000,0.000000
7.537215,0.500000,0.000000
7.537811,0.500000,0.000000
7.538437,0.500000,0.000000
7.539006,0.500000,0.000000
7.539637,0.500000,0.000000
7.540244,0.500000,0.000000
7.540820,0.500000,0.000000
7.541488,0.500000,0.000000
7.542105,0.500000,0.000000
7.542683,0.500000,0.000000
7.543279,0.500000,0.000000
7.543818,0.500000,0.000000
7.544419,0.500000,0.000000
7.545003,0.500000,0.000000
7.545667,0.500000,0.000000
7.546206,0.500000,0.000000
7.546813,0.500000,0.000000
7.547482,0.500000,0.000000
7.557558,0.000000,-1.000000
7.568567,0.500000,-1.000000
7.608471,0.000000,1.000000
7.612761,0.000000,1.000000
7.736078,0.000000,-1.000000
7.744141,0.000000,0.000000
7.772052,0.000000,-1.000000
7.776509,0.000000,0.000000
7.790681,0.000000,-1.000000
7.805137,0.000000,0.000000
7.825227,0.000000,1.000000
7.831505,0.000000,0.000000
8.006331,0.000000,-1.000000
8.010276,0.000000,0.000000
8.025599,0.000000,-1.000000
8.033642,0.000000,-1.000000
8.045088,0.000000,0.000000
8.053104,0.000000,1.000000
8.064269,0.000000,0.000000
8.083911,0.000000,-1.000000
8.089420,0.000000,0.000000
8.125913,0.000000,-1.000000
8.131049,0.000000,0.000000
8.142604,0.000000,1.000000
8.154754,0.000000,0.000000
8.160872,0.000000,-1.000000
8.175377,0.000000,0.000000
9.034261,0.000000,0.000000
9.039768,0.000000,0.000000
9.066810,0.000000,1.000000
9.084069,0.000000,-1.000000
9.107247,0.000000,-1.000000
9.117252,0.000000,-1.000000
9.117843,0.000000,-1.000000
9.118459,0.000000,-1.000000
9.119051,0.000000,-1.000000
9.119653,0.000000,-1.000000
9.120268,0.000000,-1.000000
9.120841,0.000000,-1.000000
9.121516,0.000000,-1.000000
9.122103,0.000000,-1.000000
9.122625,0.000000,-1.000000
9.123242,0.000000,-1.000000
9.123858,0.000000,-1.000000
9.124455,0.000000,-1.000000
9.125051,0.000000,-1.000000
9.125683,0.000000,-1.000000
9.126252,0.000000,-1.000000
9.126844,0.000000,-1.000000
9.127533,0.000000,-1.000000
9.128114,0.000000,-1.000000
9.128670,0.000000,-1.000000
9.129259,0.000000,-1.000000
9.129854,0.000000,-1.000000
9.130452,0.000000,-1.000000
9.131067,0.000000,-1.000000
9.131660,0.000000,-1.000000
9.132229,0.000000,-1.000000
9.132853,0.000000,-1.000000
9.133526,0.000000,-1.000000
9.134089,0.000000,-1.000000
9.134656,0.000000,-1.000000
9.135271,0.000000,-1.000000
9.135847,0.000000,-1.000000
9.136459,0.000000,-1.000000
9.137052,0.000000,-1.000000
9.137655,0.000000,-1.000000
9.138247,0.000000,-1.000000
9.138847,0.000000,-1.000000
9.139509,0.000000,-1.000000
9.140103,0.000000,-1.000000
9.140627,0.000000,-1.000000
9.141323,0.000000,-1.000000
9.141933,0.000000,-1.000000
9.142522,0.000000,-1.000000
9.143053,0.000000,-1.000000
9.143640,0.000000,-1.000000
9.144254,0.000000,-1.000000
9.144846,0.000000,-1.000000
9.145435,0.000000,-1.000000
9.146075,0.000000,-1.000000
9.146650,0.000000,-1.000000
9.147241,0.000000,-1.000000
9.147930,0.000000,-1.000000
9.148522,0.000000,-1.000000
9.149078,0.000000,-1.000000
9.149598,0.000000,-1.000000
9.150249,0.000000,-1.000000
9.150846,0.000000,-1.000000
9.151434,0.000000,-1.000000
9.152045,0.000000,-1.000000
9.152658,0.000000,-1.000000
9.153254,0.000000,-1.000000
9.153841,0.000000,-1.000000
9.154477,0.000000,-1.000000
9.155101,0.000000,-1.000000
9.155658,0.000000,-1.000000
9.156251,0.000000,-1.000000
9.156844,0.000000,-1.000000
9.157458,0.000000,-1.000000
9.158051,0.000000,-1.000000
9.158610,0.000000,-1.000000
9.159253,0.000000,-1.000000
9.159854,0.000000,-1.000000
9.160533,0.000000,-1.000000
9.161094,0.000000,-1.000000
9.161660,0.000000,-1.000000
9.162250,0.000000,-1.000000
9.162847,0.000000,-1.000000
9.163462,0.000000,-1.000000
9.164043,0.000000,-1.000000
9.164653,0.000000,-1.000000
9.165253,0.000000,-1.000000
9.165849,0.000000,-1.000000
9.166514,0.000000,-1.000000
9.167103,0.000000,-1.000000
9.167659,0.000000,-1.000000
9.168241,0.000000,-1.000000
9.168912,0.000000,-1.000000
9.169455,0.000000,-1.000000
9.170086,0.000000,-1.000000
9.170650,0.000000,-1.000000
9.171245,0.000000,-1.000000
9.171840,0.000000,-1.000000
9.174071,0.000000,0.000000
9.187148,0.500000,0.000000
9.197145,0.500000,0.000000
9.197736,0.500000,0.000000
9.198351,0.500000,0.000000
9.198944,0.500000,0.000000
9.199553,0.500000,0.000000
9.200178,0.500000,0.000000
9.200754,0.500000,0.000000
9.201420,0.500000,0.000000
9.201986,0.500000,0.000000
9.202626,0.500000,0.000000
9.203147,0.500000,0.000000
9.203755,0.500000,0.000000
9.204355,0.500000,0.000000
9.204972,0.500000,0.000000
9.205537,0.500000,0.000000
9.206144,0.500000,0.000000
9.206738,0.500000,0.000000
9.207388,0.500000,0.000000
9.208020,0.500000,0.000000
9.208639,0.500000,0.000000
9.209211,0.500000,0.000000
9.209749,0.500000,0.000000
9.210346,0.500000,0.000000
9.210944,0.500000,0.000000
9.211555,0.500000,0.000000
9.212157,0.500000,0.000000
9.212740,0.500000,0.000000
9.213439,0.500000,0.000000
9.214027,0.500000,0.000000
9.214639,0.500000,0.000000
9.215174,0.500000,0.000000
9.215746,0.500000,0.000000
9.216414,0.500000,0.000000
9.216990,0.500000,0.000000
9.217583,0.500000,0.000000
9.218143,0.500000,0.000000
9.218736,0.500000,0.000000
9.219353,0.500000,0.000000
9.229430,0.500000,0.000000
9.239503,0.500000,0.000000
9.240023,0.500000,0.000000
9.240624,0.500000,0.000000
9.241223,0.500000,0.000000
9.241819,0.500000,0.000000
9.242450,0.500000,0.000000
9.243107,0.500000,0.000000
9.243644,0.500000,0.000000
9.244255,0.500000,0.000000
9.244896,0.500000,0.000000
9.245460,0.500000,0.000000
9.246110,0.500000,0.000000
9.246631,0.500000,0.000000
9.247233,0.500000,0.000000
9.247829,0.500000,0.000000
9.248427,0.500000,0.000000
9.249029,0.500000,0.000000
9.249605,0.500000,0.000000
9.250249,0.500000,0.000000
9.250827,0.500000,0.000000
9.251499,0.500000,0.000000
9.252074,0.500000,0.000000
9.252641,0.500000,0.000000
9.253234,0.500000,0.000000
9.253832,0.500000,0.000000
9.254448,0.500000,0.000000
9.255017,0.500000,0.000000
9.255640,0.500000,0.000000
9.256250,0.500000,0.000000
9.256823,0.500000,0.000000
9.257492,0.500000,0.000000
9.258093,0.500000,0.000000
9.258645,0.500000,0.000000
9.259264,0.500000,0.000000
9.259826,0.500000,0.000000
9.260421,0.500000,0.000000
9.261036,0.500000,0.000000
9.261653,0.500000,0.000000
9.262227,0.500000,0.000000
9.262828,0.500000,0.000000
9.263477,0.500000,0.000000
9.264117,0.500000,0.000000
9.264621,0.500000,0.000000
9.265280,0.500000,0.000000
9.265840,0.500000,0.000000
9.266423,0.500000,0.000000
9.267041,0.500000,0.000000
9.267632,0.500000,0.000000
9.268194,0.500000,0.000000
9.268821,0.500000,0.000000
9.269504,0.500000,0.000000
9.270087,0.500000,0.000000
9.270633,0.500000,0.000000
9.271249,0.500000,0.000000
9.271826,0.500000,0.000000
9.272485,0.500000,0.000000
9.273110,0.500000,0.000000
9.273631,0.500000,0.000000
9.274234,0.500000,0.000000
9.274829,0.500000,0.000000
9.275414,0.500000,0.000000
9.276105,0.500000,0.000000
9.276627,0.500000,0.000000
9.277270,0.500000,0.000000
9.277826,0.500000,0.000000
9.278499,0.500000,0.000000
9.279116,0.500000,0.000000
9.279632,0.500000,0.000000
9.280228,0.500000,0.000000
9.280829,0.500000,0.000000
9.281429,0.500000,0.000000
9.281991,0.500000,0.000000
9.282636,0.500000,0.000000
9.283250,0.500000,0.000000
9.283844,0.500000,0.000000
9.284489,0.500000,0.000000
9.285097,0.500000,0.000000
9.285637,0.500000,0.000000
9.286239,0.500000,0.000000
9.286835,0.500000,0.000000
9.287449,0.500000,0.000000
9.288027,0.500000,0.000000
9.288656,0.500000,0.000000
9.289244,0.500000,0.000000
9.289818,0.500000,0.000000
9.290454,0.500000,0.000000
9.291105,0.500000,0.000000
9.291635,0.500000,0.000000
9.292298,0.500000,0.000000
9.292831,0.500000,0.000000
9.293424,0.500000,0.000000
9.294024,0.500000,0.000000
9.294631,0.500000,0.000000
9.295240,0.500000,0.000000
9.295821,0.500000,0.000000
9.296496,0.500000,0.000000
9.297112,0.500000,0.000000
9.297623,0.500000,0.000000
9.298272,0.500000,0.000000
9.298837,0.500000,0.000000
9.299424,0.500000,0.000000
9.300047,0.500000,0.000000
9.300639,0.500000,0.000000
9.301240,0.500000,0.000000
9.301837,0.500000,0.000000
9.302509,0.500000,0.000000
9.303105,0.500000,0.000000
9.303636,0.500000,0.000000
9.304236,0.500000,0.000000
9.304831,0.500000,0.000000
9.305499,0.500000,0.000000
9.306067,0.500000,0.000000
9.306619,0.500000,0.000000
9.307237,0.500000,0.000000
9.307833,0.500000,0.000000
9.308415,0.500000,0.000000
9.309075,0.500000,0.000000
9.309642,0.500000,0.000000
9.310251,0.500000,0.000000
9.310851,0.500000,0.000000
9.311491,0.500000,0.000000
9.312059,0.500000,0.000000
9.312619,0.500000,0.000000
9.313238,0.500000,0.000000
9.313833,0.500000,0.000000
9.314431,0.500000,0.000000
9.314991,0.500000,0.000000
9.315623,0.500000,0.000000
9.316230,0.500000,0.000000
9.316826,0.500000,0.000000
9.317468,0.500000,0.000000
9.318121,0.500000,0.000000
9.318618,0.500000,0.000000
9.319221,0.500000,0.000000
9.319835,0.500000,0.000000
9.330587,0.550000,0.000000
9.334363,0.605000,0.000000
9.337315,0.665500,0.000000
9.342359,0.665500,0.000000
9.352435,0.665500,0.000000
9.353044,0.665500,0.000000
9.353642,0.665500,0.000000
9.354165,0.665500,0.000000
9.354763,0.665500,0.000000
9.355360,0.665500,0.000000
9.356020,0.665500,0.000000
9.356634,0.665500,0.000000
9.357187,0.665500,0.000000
9.357758,0.665500,0.000000
9.358457,0.665500,0.000000
9.359047,0.665500,0.000000
9.359639,0.665500,0.000000
9.360204,0.665500,0.000000
9.360759,0.665500,0.000000
9.361358,0.665500,0.000000
9.361956,0.665500,0.000000
9.362635,0.665500,0.000000
9.363191,0.665500,0.000000
9.363761,0.665500,0.000000
9.364436,0.665500,0.000000
9.365057,0.665500,0.000000
9.365633,0.665500,0.000000
9.366204,0.665500,0.000000
9.366770,0.665500,0.000000
9.367365,0.665500,0.000000
9.367960,0.665500,0.000000
9.368564,0.665500,0.000000
9.369150,0.665500,0.000000
9.369754,0.665500,0.000000
9.370434,0.665500,0.000000
9.371036,0.665500,0.000000
9.382567,0.000000,0.000000
9.398650,0.000000,0.000000
9.401573,0.000000,0.000000
9.404624,0.000000,0.000000
9.407645,0.000000,0.000000
9.410864,0.000000,0.000000
9.414107,0.000000,0.000000
9.424054,0.000000,0.000000
9.424708,0.000000,0.000000
9.425288,0.000000,0.000000
9.425860,0.000000,0.000000
9.426611,0.000000,0.000000
9.427180,0.000000,0.000000
9.427716,0.000000,0.000000
9.428349,0.000000,0.000000
9.429002,0.000000,0.000000
9.436106,2.779959,0.000000
9.446098,2.779959,0.000000
9.446651,2.779959,0.000000
9.447251,2.779959,0.000000
9.447845,2.779959,0.000000
9.448447,2.779959,0.000000
9.449069,2.779959,0.000000
9.449654,2.779959,0.000000
9.450272,2.779959,0.000000
9.450858,2.779959,0.000000
9.451495,2.779959,0.000000
9.452103,2.779959,0.000000
9.452638,2.779959,0.000000
9.453239,2.779959,0.000000
9.453873,2.779959,0.000000
9.454448,2.779959,0.000000
9.455047,2.779959,0.000000
9.455645,2.779959,0.000000
9.456289,2.779959,0.000000
9.456901,2.779959,0.000000
9.457515,2.779959,0.000000
9.458081,2.779959,0.000000
9.458689,2.779959,0.000000
9.474932,2.779959,0.000000
9.484942,2.779959,0.000000
9.485621,2.779959,0.000000
9.486115,2.779959,0.000000
9.486732,2.779959,0.000000
9.487330,2.779959,0.000000
9.487995,2.779959,0.000000
9.488633,2.779959,0.000000
9.489171,2.779959,0.000000
9.489728,2.779959,0.000000
9.490353,2.779959,0.000000
9.516421,0.000000,0.000000
